name, hash
all5/Two_Sum/Two_Sum.wasm,abfe9a9b3b0c594ac2b275054868fc52
all5/Two_Sum/Two_Sum.wasm.~1~,abfe9a9b3b0c594ac2b275054868fc52
all5/Two_Sum/Two_Sum.wasm.~2~,67d09e5cfd83fa81ff149a43052f694e
all5/Two_Sum/[1-1].wasm,71c3681cfb2bb0f382df2b3368ee821f
all5/Two_Sum/[1-1][3-1][4-1][7-11].wasm,4a2c2b0f85e9c45a2dfdb3e7d9711812
all5/Two_Sum/[1-1][3-1][4-1][7-3].wasm,40b7d7daf43c8fb096485cde5ede3b42
all5/Two_Sum/[2-1].wasm,435c0cfc94fb21b73259158d83d1eaa6
all5/Two_Sum/[2-1][3-1][4-1][7-11].wasm,5601219b9ba6fb6c8aea92987468d9da
all5/Two_Sum/[2-1][3-1][4-1][7-3].wasm,d7bf0f6f91e43f17e8ea5d1890b7b5f6
